iso3,country_name,source,source_area_code,source_area_name,mapping_type,mapping_source,documentation_url,verified,verification_date,notes
AUT,Austria,ENTSO-E Transparency,10YAT-APG------L,Austria (APG),bidding_zone,ENTSO-E EIC Registry,https://transparency.entsoe.eu/content/static_content/Static%20content/web%20api/Guide.html,true,2025-08-28,Main bidding zone
BEL,Belgium,ENTSO-E Transparency,10YBE----------2,Belgium (Elia),bidding_zone,ENTSO-E EIC Registry,https://transparency.entsoe.eu/content/static_content/Static%20content/web%20api/Guide.html,true,2025-08-28,Main bidding zone
BGR,Bulgaria,ENTSO-E Transparency,10YCA-BULGARIA-R,Bulgaria (ESO),bidding_zone,ENTSO-E EIC Registry,https://transparency.entsoe.eu/content/static_content/Static%20content/web%20api/Guide.html,true,2025-08-28,Main bidding zone
HRV,Croatia,ENTSO-E Transparency,10YHR-HEP------M,Croatia (HEP),bidding_zone,ENTSO-E EIC Registry,https://transparency.entsoe.eu/content/static_content/Static%20content/web%20api/Guide.html,true,2025-08-28,Main bidding zone
CYP,Cyprus,ENTSO-E Transparency,10YCY-1001A0003J,Cyprus (TSOC),bidding_zone,ENTSO-E EIC Registry,https://transparency.entsoe.eu/content/static_content/Static%20content/web%20api/Guide.html,true,2025-08-28,Main bidding zone
CZE,Czechia,ENTSO-E Transparency,10YCZ-CEPS-----N,Czech Republic (CEPS),bidding_zone,ENTSO-E EIC Registry,https://transparency.entsoe.eu/content/static_content/Static%20content/web%20api/Guide.html,true,2025-08-28,Main bidding zone
DNK,Denmark,ENTSO-E Transparency,10Y1001A1001A65H,Denmark (Energinet),bidding_zone,ENTSO-E EIC Registry,https://transparency.entsoe.eu/content/static_content/Static%20content/web%20api/Guide.html,true,2025-08-28,Combined DK1+DK2 control area
EST,Estonia,ENTSO-E Transparency,10Y1001A1001A39I,Estonia (Elering),bidding_zone,ENTSO-E EIC Registry,https://transparency.entsoe.eu/content/static_content/Static%20content/web%20api/Guide.html,true,2025-08-28,Main bidding zone
FIN,Finland,ENTSO-E Transparency,10YFI-1--------U,Finland (Fingrid),bidding_zone,ENTSO-E EIC Registry,https://transparency.entsoe.eu/content/static_content/Static%20content/web%20api/Guide.html,true,2025-08-28,Main bidding zone
FRA,France,ENTSO-E Transparency,10YFR-RTE------C,France (RTE),bidding_zone,ENTSO-E EIC Registry,https://transparency.entsoe.eu/content/static_content/Static%20content/web%20api/Guide.html,true,2025-08-28,Main bidding zone
DEU,Germany,ENTSO-E Transparency,10Y1001A1001A83F,Germany-Luxembourg (Amprion/TenneT/50Hz/TransnetBW),bidding_zone,ENTSO-E EIC Registry,https://transparency.entsoe.eu/content/static_content/Static%20content/web%20api/Guide.html,true,2025-08-28,DE-LU merged bidding zone since 2018
GRC,Greece,ENTSO-E Transparency,10YGR-HTSO-----Y,Greece (IPTO),bidding_zone,ENTSO-E EIC Registry,https://transparency.entsoe.eu/content/static_content/Static%20content/web%20api/Guide.html,true,2025-08-28,Main bidding zone
HUN,Hungary,ENTSO-E Transparency,10YHU-MAVIR----U,Hungary (MAVIR),bidding_zone,ENTSO-E EIC Registry,https://transparency.entsoe.eu/content/static_content/Static%20content/web%20api/Guide.html,true,2025-08-28,Main bidding zone
IRL,Ireland,ENTSO-E Transparency,10Y1001A1001A59C,Ireland (EirGrid),bidding_zone,ENTSO-E EIC Registry,https://transparency.entsoe.eu/content/static_content/Static%20content/web%20api/Guide.html,true,2025-08-28,SEM bidding zone
ITA,Italy,ENTSO-E Transparency,10YIT-GRTN-----B,Italy (Terna),bidding_zone,ENTSO-E EIC Registry,https://transparency.entsoe.eu/content/static_content/Static%20content/web%20api/Guide.html,true,2025-08-28,Main control area; sub-zones also available
LVA,Latvia,ENTSO-E Transparency,10YLV-1001A00074,Latvia (AST),bidding_zone,ENTSO-E EIC Registry,https://transparency.entsoe.eu/content/static_content/Static%20content/web%20api/Guide.html,true,2025-08-28,Main bidding zone
LTU,Lithuania,ENTSO-E Transparency,10YLT-1001A0008Q,Lithuania (Litgrid),bidding_zone,ENTSO-E EIC Registry,https://transparency.entsoe.eu/content/static_content/Static%20content/web%20api/Guide.html,true,2025-08-28,Main bidding zone
LUX,Luxembourg,ENTSO-E Transparency,10Y1001A1001A82H,Luxembourg (Creos),bidding_zone,ENTSO-E EIC Registry,https://transparency.entsoe.eu/content/static_content/Static%20content/web%20api/Guide.html,true,2025-08-28,Merged into DE-LU bidding zone since 2018
MLT,Malta,ENTSO-E Transparency,10Y1001A1001A93C,Malta (Enemalta),bidding_zone,ENTSO-E EIC Registry,https://transparency.entsoe.eu/content/static_content/Static%20content/web%20api/Guide.html,true,2025-08-28,Main bidding zone
NLD,Netherlands,ENTSO-E Transparency,10YNL----------L,Netherlands (TenneT NL),bidding_zone,ENTSO-E EIC Registry,https://transparency.entsoe.eu/content/static_content/Static%20content/web%20api/Guide.html,true,2025-08-28,Main bidding zone
POL,Poland,ENTSO-E Transparency,10YPL-AREA-----S,Poland (PSE),bidding_zone,ENTSO-E EIC Registry,https://transparency.entsoe.eu/content/static_content/Static%20content/web%20api/Guide.html,true,2025-08-28,Main bidding zone
PRT,Portugal,ENTSO-E Transparency,10YPT-REN------W,Portugal (REN),bidding_zone,ENTSO-E EIC Registry,https://transparency.entsoe.eu/content/static_content/Static%20content/web%20api/Guide.html,true,2025-08-28,Main bidding zone
ROU,Romania,ENTSO-E Transparency,10YRO-TEL------P,Romania (Transelectrica),bidding_zone,ENTSO-E EIC Registry,https://transparency.entsoe.eu/content/static_content/Static%20content/web%20api/Guide.html,true,2025-08-28,Main bidding zone
SVK,Slovakia,ENTSO-E Transparency,10YSK-SEPS-----K,Slovakia (SEPS),bidding_zone,ENTSO-E EIC Registry,https://transparency.entsoe.eu/content/static_content/Static%20content/web%20api/Guide.html,true,2025-08-28,Main bidding zone
SVN,Slovenia,ENTSO-E Transparency,10YSI-ELES-----O,Slovenia (ELES),bidding_zone,ENTSO-E EIC Registry,https://transparency.entsoe.eu/content/static_content/Static%20content/web%20api/Guide.html,true,2025-08-28,Main bidding zone
ESP,Spain,ENTSO-E Transparency,10YES-REE------0,Spain (REE),bidding_zone,ENTSO-E EIC Registry,https://transparency.entsoe.eu/content/static_content/Static%20content/web%20api/Guide.html,true,2025-08-28,Main bidding zone
SWE,Sweden,ENTSO-E Transparency,10YSE-1--------K,Sweden (Svenska Kraftnat),bidding_zone,ENTSO-E EIC Registry,https://transparency.entsoe.eu/content/static_content/Static%20content/web%20api/Guide.html,true,2025-08-28,Main control area; 4 price zones also available
NOR,Norway,ENTSO-E Transparency,10YNO-0--------C,Norway (Statnett),bidding_zone,ENTSO-E EIC Registry,https://transparency.entsoe.eu/content/static_content/Static%20content/web%20api/Guide.html,true,2025-08-28,Main control area; 5 price zones also available
CHE,Switzerland,ENTSO-E Transparency,10YCH-SWISSGRIDZ,Switzerland (Swissgrid),bidding_zone,ENTSO-E EIC Registry,https://transparency.entsoe.eu/content/static_content/Static%20content/web%20api/Guide.html,true,2025-08-28,Main bidding zone
GBR,United Kingdom,ENTSO-E Transparency,10YGB----------A,Great Britain (National Grid ESO),bidding_zone,ENTSO-E EIC Registry,https://transparency.entsoe.eu/content/static_content/Static%20content/web%20api/Guide.html,true,2025-08-28,Post-Brexit GB left synchronous area Jan 2021; data reliability limited post-2021. Use NESO for current GB data.
MKD,North Macedonia,ENTSO-E Transparency,10YMK-MEPSO----M,North Macedonia (MEPSO),bidding_zone,ENTSO-E EIC Registry,https://transparency.entsoe.eu/content/static_content/Static%20content/web%20api/Guide.html,true,2025-08-28,Main bidding zone
SRB,Serbia,ENTSO-E Transparency,10YCS-SERBIATSOV,Serbia (EMS),bidding_zone,ENTSO-E EIC Registry,https://transparency.entsoe.eu/content/static_content/Static%20content/web%20api/Guide.html,true,2025-08-28,Main bidding zone
MNE,Montenegro,ENTSO-E Transparency,10YCS-CG-TSO---S,Montenegro (CGES),bidding_zone,ENTSO-E EIC Registry,https://transparency.entsoe.eu/content/static_content/Static%20content/web%20api/Guide.html,true,2025-08-28,Main bidding zone
ALB,Albania,ENTSO-E Transparency,10YAL-KESH-----5,Albania (OST),bidding_zone,ENTSO-E EIC Registry,https://transparency.entsoe.eu/content/static_content/Static%20content/web%20api/Guide.html,true,2025-08-28,Main bidding zone
BIH,Bosnia and Herzegovina,ENTSO-E Transparency,10YBA-JPCC-----D,Bosnia and Herzegovina (NOSBiH),bidding_zone,ENTSO-E EIC Registry,https://transparency.entsoe.eu/content/static_content/Static%20content/web%20api/Guide.html,true,2025-08-28,Main bidding zone
XKX,Kosovo,ENTSO-E Transparency,10Y1001C--00100H,Kosovo (KOSTT),bidding_zone,ENTSO-E EIC Registry,https://transparency.entsoe.eu/content/static_content/Static%20content/web%20api/Guide.html,true,2025-08-28,Main bidding zone
GBR,United Kingdom,ESO / NESO,historic-demand-data,National Demand (ND) + Transmission System Demand (TSD),package_id,NESO Open Data API,https://api.neso.energy/api/3/action/package_show?id=historic-demand-data,true,2025-08-28,Half-hourly from 2009. Primary source for post-2021 GB electricity demand.
USA,United States,EIA Open Data,US48,United States Lower 48 (CONUS),respondent_code,EIA Open Data API v2,https://www.eia.gov/opendata/,true,2025-08-28,Hourly regional balancing authority demand; US48 = contiguous US aggregate
AUS,Australia,AEMO,NEM,National Electricity Market,market_region,AEMO MMS Data,https://aemo.com.au/energy-systems/electricity/national-electricity-market-nem/data-nem/market-management-system-mms-data,true,2025-08-28,5-minute dispatch intervals across NEM regions (NSW1/QLD1/SA1/TAS1/VIC1)
